{
  "model_type": "standard-library-logistic-regression",
  "numeric_features": [
    "recent_alerts_1h",
    "error_rate_15m",
    "cpu_p95_30m",
    "failed_signins_30m",
    "sql_dtu_max_30m",
    "vm_heartbeat_gap_min",
    "deployment_within_2h",
    "keyvault_denials_30m"
  ],
  "categorical_features": [
    "service",
    "severity",
    "criticality",
    "environment"
  ],
  "stats": {
    "recent_alerts_1h": {
      "mean": 12.333333333333334,
      "std": 7.245381670799376
    },
    "error_rate_15m": {
      "mean": 0.05197466666666666,
      "std": 0.04152823286499064
    },
    "cpu_p95_30m": {
      "mean": 56.68371666666667,
      "std": 17.56953027316673
    },
    "failed_signins_30m": {
      "mean": 13.21,
      "std": 14.207717386453508
    },
    "sql_dtu_max_30m": {
      "mean": 12.018466666666667,
      "std": 23.47989989293443
    },
    "vm_heartbeat_gap_min": {
      "mean": 6.28,
      "std": 13.676680883898694
    },
    "deployment_within_2h": {
      "mean": 0.12166666666666667,
      "std": 0.32690042656577994
    },
    "keyvault_denials_30m": {
      "mean": 3.3216666666666668,
      "std": 4.810910920905613
    }
  },
  "vocab": {
    "service": [
      "appservice",
      "identity",
      "sql",
      "storage",
      "vm"
    ],
    "severity": [
      "Sev1",
      "Sev2",
      "Sev3",
      "Sev4"
    ],
    "criticality": [
      "high",
      "medium"
    ],
    "environment": [
      "dev",
      "prod",
      "stage"
    ]
  },
  "weights": [
    0.01350886177300568,
    0.3845273361062555,
    0.011064527089642822,
    -0.029872315175924726,
    0.25025943537070966,
    0.04767624649010455,
    0.5449975225777767,
    0.10810672646720615,
    0.32251729464826917,
    -0.14379211597943306,
    -0.03780467559797175,
    0.018517617798387002,
    0.07477910360351867,
    0.10180893194850522,
    0.41835494825191877,
    0.6239892864182007,
    -0.4436405105742754,
    -0.5851948623228376,
    0.343688464102473,
    -0.3301796023294672,
    0.09826405227658136,
    -0.0890990854100727,
    0.004343894906497027
  ],
  "threshold": 0.5,
  "metrics": {
    "accuracy": 0.7,
    "precision": 0.726027397260274,
    "recall": 0.6794871794871795,
    "f1": 0.7019867549668874,
    "tp": 53,
    "fp": 20,
    "tn": 52,
    "fn": 25
  }
}